{
    "productos": [
      {
        "id": 1,
        "nombre": "Camiseta Levis",
        "fecha": "01/02/2023",
        "descripcion": "Camiseta de la marca Levis color negra"
      },
      {
        "id": 2,
        "nombre": "Pantalón vaquero",
        "fecha": "28/05/2001",
        "texto": "Pantalón vaquero marca TEX"
      },
      {
        "id": 3,
        "nombre": "Sudadera Nike",
        "fecha": "01/09/2023",
        "texto": "Sudadera de la marca Nike de color azul"
      },
      {
        "id": 4,
        "nombre": "Camiseta Lakers",
        "fecha": "04/11/2011",
        "texto": "Camiseta Lakers Pau Gasol 16"
      }
    ]
  }